4.42253176875614,-0.67293055906608
4.41011393812586,0.258547807008445
4.39635274406828,1.18994741691635
4.38125237837644,2.12098455731378
4.36481744076801,3.05137562526861
4.34705293748418,3.98083721464865
4.32796427976474,4.90908620244986
4.30755728219975,5.83583983503843
4.28583816095837,6.7608158142802
4.26281353189531,7.68373238353144
4.23849040853563,8.60430841346467
4.21287619993833,9.52226348770335
4.18597870843948,10.4373179882394
4.15780612727556,11.3491931806077
4.1283670380877,12.2576112987911
4.09767040830764,13.1622956298308
4.06572558842619,14.0629705981155
4.03254230914494,14.959361849325
3.99813067841221,15.8511963340007
3.96250117834407,16.738202390719
3.92566466203139,17.6201098288424
3.8876323502339,18.4966500108222
3.84841582796218,19.3675559340276
3.80802704094883,20.2325623120778
3.76647829200961,21.0914056556505
3.72378223729595,21.9438243527434
3.67995188243973,22.7895587483639
3.63500057859162,23.6283512236222
3.58894201835423,24.4599462742049
3.54179023161119,25.2840905882036
3.4935595812535,26.1005331232766
3.4442647588045,26.9090251831188
3.39392077994462,27.7093204932165
3.34254297993752,28.5011752758659
3.29014700895879,29.2843483244291
3.23674882732876,30.0586010768089
3.18236470065084,30.8236976881164
3.12701119485684,31.5794051025123
3.07070517116085,32.3254931241974
3.01346378092314,33.0617344875328
2.95530446042567,33.7879049262671
2.89624492556089,34.50378324185
2.83630316643522,35.2091513708118
2.77549744188917,35.9037944511874
2.71384627393548,36.5875008879652
2.65136844211712,37.2600624175415
2.58808297778692,37.9212741711591
2.52400915831035,38.5709347373126
2.45916650119354,39.2088462231
2.39357475813799,39.8348143145032
2.32725390902402,40.4486483355777
2.26022415582476,41.0501613065344
2.19250591645234,41.6391700006952
2.1241198185385,42.2154950003062
2.05508669315111,42.7789607511893
1.98542756844892,43.3293956162186
1.91516366327611,43.8666319276018
1.84431638069886,44.3905060379543
1.77290730148576,44.9008583701472
1.70095817753409,45.3975334659161
1.62849092524398,45.8803800332156
1.5555276188425,46.3492509923036
1.48209048365959,46.8040035205442
1.40820188935802,47.2444990959118
1.33388434311939,47.6706035391871
1.25916048278823,48.0821870548289
1.18405306997624,48.4791242705111
1.10858498312896,48.8612942753127
1.03277921055671,49.2285806565481
0.956658843432177,49.5808715352275
0.880247068756568,49.9180596001366
0.80356716229667,50.2400421405244
0.726642481494806,50.54672107739
0.649496458353936,50.8380029933583
0.572152592300038,51.1137991611361
0.494634443023958,51.3740255705389
0.416965623304903,51.6186029540815
0.339169791817751,51.8474568111237
0.261270645926401,52.0605174305636
0.183291914465315,52.2577199120726
0.105257350511495,52.4390041858645
0.0271907241490581,52.6043150309934
-0.0508841847713561,52.7536020921743
-0.128943593876165,52.8868198951224
-0.206963725513173,53.0039278604043
-0.284920813994488,53.1048903157993
-0.362791112835768,53.1896765071655
-0.440550901989644,53.2582606078077
-0.518176495071061,53.3106217263444
-0.595644246572392,53.3467439130716
-0.67293055906608,53.3666161648214
-0.750011890392652,53.3702324283134
-0.826864760831882,53.3575916019986
-0.903465760254944,53.3286975363953
-0.979791555255365,53.2835590329157
-1.0558188962566,53.2221898411853
-1.13152462459409,53.1446086548543
-1.2068856795696,53.0508391059037
-1.28187910547575,52.9409097574464
-1.35648205858853,52.8148540950268
-1.43067181412573,52.6727105164209
-1.50442577316911,52.5145223199398
-1.57772146954829,52.3403376912404
-1.65053657668411,52.1502096886479
-1.72284891438957,51.9441962269939
-1.79463645562609,51.7223600599744
-1.8658773332132,51.4847687610349
-1.93654984648945,51.2314947027867
-2.00663246792268,50.9626150349613
-2.07610384966749,50.6782116609104
-2.14494283006803,50.3783712126566
-2.213128440104,50.0631850245053
-2.28063990977806,49.7327491052225
-2.34745667444254,49.3871641087904
-2.41355838106367,49.0265353037464
-2.47892489442126,48.6509725411183
-2.54353630324212,48.2605902209616
-2.60737292626523,47.8555072575127
-2.6704153182368,47.4358470429665
-2.73264427583355,47.0017374098896
-2.79404084351216,46.5533105922816
-2.85458631928336,46.0907031852952
-2.9142622604087,45.6140561036279
-2.97305048901843,45.1235145385981
-3.03093309764861,44.6192279139185
-3.08789245469595,44.1013498401802
-3.1439112097885,43.5700380680613
-3.19897229907079,43.0254544402743
-3.25305895040165,42.4677648422679
-3.30615468846313,41.8971391516961
-3.35824333977906,41.313751186672
-3.40930903764166,40.7177786528211
-3.45933622694468,40.1094030891506
-3.50830966892162,39.4888098127506
-3.55621444578766,38.856187862345
-3.60303596528368,38.2117299407081
-3.64875996512129,37.555632355966
-3.69337251732719,36.8880949617987
-3.7368600324858,36.209321096563
-3.77920926387875,35.5195175213537
-3.8204073115199,34.8188943570221
-3.86044162608484,34.1076650201712
-3.89930001273354,33.3860461581467
-3.93697063482499,32.6542575830446
-3.97344201752278,31.9125222047538
-4.00870305129044,31.1610659630559
-4.0427429952755,30.4001177588016
-4.07555148058127,29.6299093841854
-4.10711851342529,28.8506754521395
-4.13743447818358,28.062653324868
-4.16649014031958,27.2660830415448
-4.19427664919715,26.4612072451946
-4.2207855407765,25.6482711087821
-4.24600874019247,24.8275222605294
-4.26993856421416,23.9992107084866
-4.29256772358536,23.1635887643764
-4.31388932524493,22.3209109667379
-4.33389687442644,21.4714340033914
-4.3525842766366,20.615416633249
-4.36994583951167,19.753119607494
-4.3859762745514,18.8848055901539
-4.40067069873,18.0107390780898
-4.41402463598351,17.1311863204285
-4.42603401857329,16.2464152374606
-4.43669518832505,15.3566953390287
-4.44600489774322,14.4622976424329
-4.45396031100012,13.5634945898758
-4.4605590047998,12.6605599654741
-4.46579896911622,11.7537688118613
-4.46967860780548,10.8433973464072
-4.47219673909205,9.92972287707889
-4.47335259592876,9.01302371797091
-4.4731458262304,8.09357910452732
-4.47157649298104,7.1716691084842
-4.46864507421478,6.24757455255714
-4.46435246287018,5.32157692489976
-4.45869996651823,4.39395829335976
-4.45168930696409,3.46500121955836
-4.44332261972256,2.53498867281928
-4.43360245336763,1.60420394397349
-4.42253176875614,0.672930559066087
-4.41011393812586,-0.258547807008428
-4.39635274406829,-1.18994741691634
-4.38125237837644,-2.12098455731376
-4.36481744076801,-3.05137562526858
-4.34705293748418,-3.98083721464863
-4.32796427976474,-4.90908620244984
-4.30755728219975,-5.83583983503845
-4.28583816095837,-6.7608158142802
-4.26281353189531,-7.68373238353143
-4.23849040853563,-8.60430841346467
-4.21287619993833,-9.52226348770334
-4.18597870843948,-10.4373179882394
-4.15780612727556,-11.3491931806077
-4.1283670380877,-12.2576112987911
-4.09767040830764,-13.1622956298307
-4.06572558842619,-14.0629705981155
-4.03254230914494,-14.959361849325
-3.99813067841221,-15.8511963340007
-3.96250117834407,-16.738202390719
-3.92566466203139,-17.6201098288424
-3.8876323502339,-18.4966500108222
-3.84841582796218,-19.3675559340276
-3.80802704094883,-20.2325623120778
-3.76647829200961,-21.0914056556505
-3.72378223729595,-21.9438243527434
-3.67995188243973,-22.7895587483639
-3.63500057859162,-23.6283512236222
-3.58894201835423,-24.4599462742049
-3.54179023161119,-25.2840905882036
-3.4935595812535,-26.1005331232766
-3.4442647588045,-26.9090251831188
-3.39392077994462,-27.7093204932165
-3.34254297993752,-28.5011752758659
-3.29014700895879,-29.2843483244291
-3.23674882732876,-30.0586010768089
-3.18236470065084,-30.8236976881164
-3.12701119485684,-31.5794051025123
-3.07070517116085,-32.3254931241974
-3.01346378092314,-33.0617344875328
-2.95530446042567,-33.7879049262671
-2.89624492556089,-34.50378324185
-2.83630316643522,-35.2091513708118
-2.77549744188917,-35.9037944511874
-2.71384627393548,-36.5875008879652
-2.65136844211712,-37.2600624175415
-2.58808297778692,-37.9212741711591
-2.52400915831035,-38.5709347373126
-2.45916650119354,-39.2088462231
-2.39357475813799,-39.8348143145032
-2.32725390902403,-40.4486483355777
-2.26022415582476,-41.0501613065344
-2.19250591645234,-41.6391700006952
-2.1241198185385,-42.2154950003062
-2.05508669315111,-42.7789607511893
-1.98542756844892,-43.3293956162185
-1.91516366327612,-43.8666319276018
-1.84431638069886,-44.3905060379543
-1.77290730148576,-44.9008583701472
-1.70095817753409,-45.3975334659161
-1.62849092524398,-45.8803800332155
-1.5555276188425,-46.3492509923037
-1.48209048365959,-46.8040035205442
-1.40820188935802,-47.2444990959118
-1.33388434311939,-47.6706035391871
-1.25916048278823,-48.0821870548289
-1.18405306997624,-48.4791242705111
-1.10858498312896,-48.8612942753127
-1.03277921055672,-49.2285806565481
-0.956658843432179,-49.5808715352275
-0.88024706875657,-49.9180596001366
-0.803567162296669,-50.2400421405244
-0.726642481494807,-50.54672107739
-0.649496458353938,-50.8380029933583
-0.572152592300036,-51.1137991611361
-0.494634443023958,-51.3740255705389
-0.416965623304903,-51.6186029540815
-0.339169791817752,-51.8474568111237
-0.261270645926402,-52.0605174305636
-0.183291914465318,-52.2577199120726
-0.105257350511495,-52.4390041858645
-0.0271907241490587,-52.6043150309934
0.0508841847713595,-52.7536020921743
0.128943593876166,-52.8868198951224
0.206963725513174,-53.0039278604043
0.284920813994487,-53.1048903157993
0.362791112835768,-53.1896765071655
0.440550901989642,-53.2582606078077
0.518176495071058,-53.3106217263444
0.595644246572392,-53.3467439130716
0.672930559066079,-53.3666161648214
0.750011890392651,-53.3702324283134
0.826864760831884,-53.3575916019986
0.903465760254946,-53.3286975363953
0.979791555255364,-53.2835590329158
1.0558188962566,-53.2221898411853
1.13152462459408,-53.1446086548543
1.2068856795696,-53.0508391059037
1.28187910547575,-52.9409097574464
1.35648205858853,-52.8148540950268
1.43067181412572,-52.672710516421
1.50442577316911,-52.5145223199398
1.57772146954829,-52.3403376912404
1.65053657668411,-52.1502096886479
1.72284891438957,-51.9441962269939
1.7946364556261,-51.7223600599744
1.8658773332132,-51.4847687610349
1.93654984648945,-51.2314947027867
2.00663246792268,-50.9626150349613
2.07610384966749,-50.6782116609104
2.14494283006803,-50.3783712126566
2.213128440104,-50.0631850245053
2.28063990977806,-49.7327491052225
2.34745667444254,-49.3871641087904
2.41355838106367,-49.0265353037464
2.47892489442126,-48.6509725411183
2.54353630324212,-48.2605902209616
2.60737292626522,-47.8555072575127
2.6704153182368,-47.4358470429665
2.73264427583355,-47.0017374098896
2.79404084351216,-46.5533105922816
2.85458631928335,-46.0907031852952
2.9142622604087,-45.6140561036279
2.97305048901842,-45.1235145385981
3.03093309764861,-44.6192279139186
3.08789245469595,-44.1013498401802
3.1439112097885,-43.5700380680613
3.19897229907079,-43.0254544402743
3.25305895040165,-42.4677648422679
3.30615468846313,-41.8971391516961
3.35824333977906,-41.313751186672
3.40930903764166,-40.7177786528211
3.45933622694468,-40.1094030891506
3.50830966892162,-39.4888098127506
3.55621444578766,-38.856187862345
3.60303596528368,-38.2117299407081
3.64875996512129,-37.555632355966
3.69337251732719,-36.8880949617986
3.73686003248581,-36.2093210965629
3.77920926387875,-35.5195175213537
3.8204073115199,-34.8188943570221
3.86044162608484,-34.1076650201712
3.89930001273354,-33.3860461581467
3.93697063482499,-32.6542575830446
3.97344201752278,-31.9125222047538
4.00870305129044,-31.1610659630559
4.0427429952755,-30.4001177588016
4.07555148058127,-29.6299093841854
4.10711851342529,-28.8506754521395
4.13743447818358,-28.062653324868
4.16649014031958,-27.2660830415448
4.19427664919715,-26.4612072451946
4.2207855407765,-25.6482711087821
4.24600874019247,-24.8275222605295
4.26993856421416,-23.9992107084866
4.29256772358536,-23.1635887643765
4.31388932524493,-22.3209109667379
4.33389687442644,-21.4714340033914
4.3525842766366,-20.615416633249
4.36994583951167,-19.7531196074941
4.3859762745514,-18.8848055901539
4.40067069873,-18.0107390780898
4.41402463598351,-17.1311863204285
4.42603401857329,-16.2464152374605
4.43669518832505,-15.3566953390287
4.44600489774322,-14.4622976424329
4.45396031100012,-13.5634945898758
4.4605590047998,-12.6605599654741
4.46579896911622,-11.7537688118614
4.46967860780548,-10.8433973464071
4.47219673909205,-9.92972287707895
4.47335259592876,-9.01302371797092
4.4731458262304,-8.09357910452732
4.47157649298104,-7.17166910848423
4.46864507421478,-6.24757455255712
4.46435246287018,-5.32157692489974
4.45869996651823,-4.39395829335971
4.45168930696409,-3.4650012195584
4.44332261972256,-2.53498867281928
4.43360245336764,-1.60420394397354
4.42253176875614,-0.672930559066093
